{"cameraMode":{"drawMode":0,"name":"Shaded","section":"Shading Mode"},"sceneLighting":false,"audioPlay":false,"sceneViewState":{"m_AlwaysRefresh":false,"showFog":true,"showSkybox":false,"showFlares":true,"showImageEffects":true,"showParticleSystems":true,"showVisualEffectGraphs":true,"m_FxEnabled":true},"in2DMode":false,"pivot":{"x":3.5016860961914064,"y":-0.3086300492286682,"z":-23.357196807861329},"rotation":{"x":0.009518099017441273,"y":-0.9897434711456299,"z":0.07974570989608765,"w":0.11813522130250931},"size":0.6763023138046265,"orthographic":false}