{"cameraMode":{"drawMode":0,"name":"Shaded","section":"Shading Mode"},"sceneLighting":true,"audioPlay":false,"sceneViewState":{"m_AlwaysRefresh":false,"showFog":true,"showSkybox":true,"showFlares":true,"showImageEffects":true,"showParticleSystems":true,"showVisualEffectGraphs":true,"m_FxEnabled":true},"in2DMode":false,"pivot":{"x":-12.485244750976563,"y":0.8421306610107422,"z":-25.721111297607423},"rotation":{"x":0.35405075550079348,"y":-0.4089212417602539,"z":0.17603114247322083,"w":0.8224633932113648},"size":6.614957332611084,"orthographic":false}