{"cameraMode":{"drawMode":0,"name":"Shaded","section":"Shading Mode"},"sceneLighting":false,"audioPlay":false,"sceneViewState":{"m_AlwaysRefresh":false,"showFog":true,"showSkybox":false,"showFlares":true,"showImageEffects":true,"showParticleSystems":true,"showVisualEffectGraphs":true,"m_FxEnabled":true},"in2DMode":false,"pivot":{"x":-0.07187366485595703,"y":-0.12508773803710938,"z":0.03117656707763672},"rotation":{"x":-0.08108357340097428,"y":-0.917121946811676,"z":0.3043307065963745,"w":-0.2443566471338272},"size":7.9576029777526859,"orthographic":false}