{"cameraMode":{"drawMode":0,"name":"Shaded","section":"Shading Mode"},"sceneLighting":false,"audioPlay":false,"sceneViewState":{"m_AlwaysRefresh":false,"showFog":true,"showSkybox":false,"showFlares":true,"showImageEffects":true,"showParticleSystems":true,"showVisualEffectGraphs":true,"m_FxEnabled":true},"in2DMode":false,"pivot":{"x":-0.0007958412170410156,"y":1.1237926483154297,"z":-0.006237506866455078},"rotation":{"x":-0.08108357340097428,"y":-0.917121946811676,"z":0.3043307065963745,"w":-0.2443566471338272},"size":4.849404811859131,"orthographic":false}